metric,score
sensitivity,0.926829268292683
specificity,0.14285714285714285
accuracy,0.7272727272727273
precision,0.76
recall,0.926829268292683
f1_score,0.8351648351648352
mcc,0.10559273546969093
