metric,score
sensitivity,0.9428571428571428
specificity,0.85
accuracy,0.9090909090909091
precision,0.9166666666666666
recall,0.9428571428571428
f1_score,0.9295774647887323
mcc,0.8020767218098109
