metric,score
sensitivity,0.9714285714285714
specificity,0.95
accuracy,0.9636363636363636
precision,0.9714285714285714
recall,0.9714285714285714
f1_score,0.9714285714285714
mcc,0.9214285714285714
