metric,score
mean_absolut_error,50.6240188502246
max_error,59.206029336470095
root_mean_squared_error,52.18332649730947
mean_squared_error,2723.0995643248007
median_absolut_error,57.493640306550105
