metric,score
mean_absolut_error,2.5183200000000006
max_error,4.243199999999989
root_mean_squared_error,2.7562699403360296
mean_squared_error,7.597023983999979
median_absolut_error,2.2206000000000437
