metric,score
mean_absolut_error,50.572492300476355
max_error,157.46345565267526
root_mean_squared_error,61.11303648799878
mean_squared_error,3734.80322878347
median_absolut_error,47.43140856564874
