metric,score
sensitivity,0.8863636363636364
specificity,0.2857142857142857
accuracy,0.7413793103448276
precision,0.7959183673469388
recall,0.8863636363636364
f1_score,0.8387096774193548
mcc,0.2033743671111674
