,Category 1,Category 2,test_statistic,p,log(p)
0,2.0,1.0,10.326742172241211,0.0013111644657328725,9.574935913085938
