metric,score
mean_absolut_error,3.7267922811310146
max_error,26.94543551913189
root_mean_squared_error,5.918392537514958
mean_squared_error,35.02737022811274
median_absolut_error,2.2768051152371704
