metric,score
sensitivity,0.8780487804878049
specificity,0.35714285714285715
accuracy,0.7454545454545455
precision,0.8
recall,0.8780487804878049
f1_score,0.8372093023255814
mcc,0.26562660124542986
