metric,score
mean_absolut_error,3.647639999999994
max_error,8.677600000000005
root_mean_squared_error,4.480335818663595
mean_squared_error,20.073409047999988
median_absolut_error,2.7710000000000115
