metric,score
sensitivity,0.9696969696969697
specificity,0.96
accuracy,0.9655172413793104
precision,0.9696969696969697
recall,0.9696969696969697
f1_score,0.9696969696969697
mcc,0.9296969696969697
