metric,score
sensitivity,0.8409090909090909
specificity,0.35714285714285715
accuracy,0.7241379310344828
precision,0.8043478260869565
recall,0.8409090909090909
f1_score,0.8222222222222223
mcc,0.20921842853240302
