metric,score
sensitivity,0.9302325581395349
specificity,0.23529411764705882
accuracy,0.7333333333333333
precision,0.7547169811320755
recall,0.9302325581395349
f1_score,0.8333333333333334
mcc,0.23234842185378762
