metric,score
sensitivity,0.9
specificity,0.2777777777777778
accuracy,0.7068965517241379
precision,0.7346938775510204
recall,0.9
f1_score,0.8089887640449438
mcc,0.22715611199997865
