Linear Regression (diabetes),Random Forest (diabetes)
65.85254598404745,64.27567903540846
56.388867247902795,58.37954066458709
55.54934469301255,57.2588057688508
58.15266107593358,62.90324683432143
56.683984682130436,57.40892048358095
