Linear Regression (diabetes),Random Forest (diabetes)
65.8525459840475,64.27567903540846
56.388867247902795,58.37954066458709
55.54934469301255,57.2588057688508
58.152661075933565,62.90324683432143
56.683984682130436,57.40892048358095
