Logistic Regression (ILPD),Random Forest (ILPD)
0.6566666666666667,0.6599999999999999
0.7323529411764707,0.734640522875817
0.6898692810457516,0.6601307189542485
0.5583333333333333,0.548611111111111
0.8333333333333333,0.8527777777777776
