Linear Regression (boston),Random Forest (boston)
3.022544096528505,2.6510401521504243
3.5749603599587942,2.8012205080922348
2.8807004788943575,2.6343994396966695
7.7457235134588185,4.717625538287757
2.36625379795579,2.6211572163002996
