Linear Regression (boston),Random Forest (boston)
3.0225440965288546,2.6510401521504243
3.574960359958792,2.8012205080922348
2.880700478894359,2.6343994396966695
7.640522409304753,4.717625538287757
2.3662537979557907,2.6211572163002996
