Linear Regression (boston),Random Forest (boston)
3.022544096528704,2.6510401521504243
3.574960359958793,2.8012205080922348
2.880700478894358,2.6343994396966695
7.868671429282907,4.717625538287757
2.3662537979557903,2.6211572163002996
