metric,score
mean_absolut_error,3.0135925925926
max_error,14.497800000000062
root_mean_squared_error,4.018434268883021
mean_squared_error,16.14781397333342
median_absolut_error,2.315700000000054
