metric,score
sensitivity,0.8571428571428571
specificity,0.17391304347826086
accuracy,0.5862068965517241
precision,0.6122448979591837
recall,0.8571428571428571
f1_score,0.7142857142857143
mcc,0.041958772431561986
