metric,score
sensitivity,0.9444444444444444
specificity,1.0
accuracy,0.9666666666666667
precision,1.0
recall,0.9444444444444444
f1_score,0.9714285714285714
mcc,0.9336995618478525
