metric,score
sensitivity,0.9166666666666666
specificity,1.0
accuracy,0.9464285714285714
precision,1.0
recall,0.9166666666666666
f1_score,0.9565217391304348
mcc,0.8928053815224023
