metric,score
mean_absolut_error,73.07792391593932
max_error,121.69391831948178
root_mean_squared_error,81.24935635263677
mean_squared_error,6601.457907717757
median_absolut_error,86.8630790621661
