metric,score
sensitivity,0.9736842105263158
specificity,0.75
accuracy,0.896551724137931
precision,0.8809523809523809
recall,0.9736842105263158
f1_score,0.925
mcc,0.7696109830056399
