metric,score
mean_absolut_error,3.0436857142857185
max_error,16.561600000000055
root_mean_squared_error,4.060052194999778
mean_squared_error,16.484023826122513
median_absolut_error,2.446599999999986
