metric,score
sensitivity,0.9736842105263158
specificity,0.95
accuracy,0.9655172413793104
precision,0.9736842105263158
recall,0.9736842105263158
f1_score,0.9736842105263158
mcc,0.9236842105263158
