metric,score
sensitivity,0.9473684210526315
specificity,0.9
accuracy,0.9310344827586207
precision,0.9473684210526315
recall,0.9473684210526315
f1_score,0.9473684210526315
mcc,0.8473684210526315
