metric,score
sensitivity,0.9142857142857143
specificity,0.21739130434782608
accuracy,0.6379310344827587
precision,0.64
recall,0.9142857142857143
f1_score,0.7529411764705883
mcc,0.18680045486531396
