metric,score
mean_absolut_error,4.018506122448984
max_error,21.756800000000045
root_mean_squared_error,5.649239330553945
mean_squared_error,31.91390501387758
median_absolut_error,3.2432000000000727
