Linear Regression (diabetes),Random Forest (diabetes)
65.7545813239904,54.84285345059724
58.479492820100276,54.601078940643674
59.465282902011396,58.464620690524974
56.971275255250404,61.2434502836506
54.67120981977398,54.62056078649954
