metric,score
mean_absolut_error,2.353860559951464
max_error,7.9944194048842405
root_mean_squared_error,3.7094806018851347
mean_squared_error,13.760246335762101
median_absolut_error,1.1431131589332608
