metric,score
sensitivity,0.9714285714285714
specificity,0.85
accuracy,0.9272727272727272
precision,0.918918918918919
recall,0.9714285714285714
f1_score,0.9444444444444445
mcc,0.8421349857305147
