metric,score
mean_absolut_error,2.9771668378484883
max_error,17.63458359696812
root_mean_squared_error,4.45462917565152
mean_squared_error,19.843721092565737
median_absolut_error,1.9175928714788775
