,Category 1,Category 2,log(p),p,test_statistic
0,2.0,1.0,9.574935913085938,0.0013111644657328725,10.326742172241211
