metric,score
sensitivity,0.96875
specificity,0.9583333333333334
accuracy,0.9642857142857143
precision,0.96875
recall,0.96875
f1_score,0.96875
mcc,0.9270833333333334
