metric,score
sensitivity,0.9523809523809523
specificity,0.17647058823529413
accuracy,0.7288135593220338
precision,0.7407407407407407
recall,0.9523809523809523
f1_score,0.8333333333333334
mcc,0.20953512687653467
