metric,score
mean_absolut_error,44.74729674136888
max_error,122.45202610292478
root_mean_squared_error,52.433784523031264
mean_squared_error,2749.3017594076728
median_absolut_error,42.044061390535845
