metric,score
mean_absolut_error,2.367932759311503
max_error,5.126603082592364
root_mean_squared_error,3.0424314761545608
mean_squared_error,9.256389287096018
median_absolut_error,1.1315144654517972
