metric,score
mean_absolut_error,3.2936075471698163
max_error,13.843200000000053
root_mean_squared_error,4.660293903923178
mean_squared_error,21.718339270943535
median_absolut_error,2.290799999999951
