metric,score
mean_absolut_error,3.148885458005225
max_error,9.110260908913475
root_mean_squared_error,3.874115482706295
mean_squared_error,15.00877077334463
median_absolut_error,2.8392791404240825
