metric,score
mean_absolut_error,22.816669950919735
max_error,38.50292314817412
root_mean_squared_error,26.283928576585296
mean_squared_error,690.8449014190371
median_absolut_error,22.62352977689183
