metric,score
mean_absolut_error,3.610657487698932
max_error,12.399083991953589
root_mean_squared_error,4.5970599419483165
mean_squared_error,21.132960109865856
median_absolut_error,3.0037159655037726
