metric,score
mean_absolut_error,2.9100993924927008
max_error,16.40867930343016
root_mean_squared_error,4.2966509281299325
mean_squared_error,18.461209198199807
median_absolut_error,2.139207747260638
