metric,score
sensitivity,1.0
specificity,0.25
accuracy,0.7413793103448276
precision,0.7169811320754716
recall,1.0
f1_score,0.8351648351648352
mcc,0.4233736919305071
