metric,score
sensitivity,0.975
specificity,0.8888888888888888
accuracy,0.9482758620689655
precision,0.9512195121951219
recall,0.975
f1_score,0.9629629629629629
mcc,0.8780267501708717
