metric,score
mean_absolut_error,2.18304000000001
max_error,3.340200000000017
root_mean_squared_error,2.2956382293384197
mean_squared_error,5.269954880000034
median_absolut_error,2.039800000000003
