Logistic Regression (ILPD),Random Forest (ILPD)
0.6252250462376121,0.6911505385321868
0.707802859521153,0.7068083586976048
0.7049610680572107,0.7200335934278074
0.6483232066005298,0.668464803752647
0.6862465622240608,0.706552869009035
