metric,score
sensitivity,0.9130434782608695
specificity,0.38461538461538464
accuracy,0.7966101694915254
precision,0.84
recall,0.9130434782608695
f1_score,0.8749999999999999
mcc,0.3431335262999692
