metric,score
mean_absolut_error,3.344325490196086
max_error,13.935200000000002
root_mean_squared_error,4.652890365876117
mean_squared_error,21.649388756862784
median_absolut_error,2.2630000000000194
