metric,score
sensitivity,0.9736842105263158
specificity,0.85
accuracy,0.9310344827586207
precision,0.925
recall,0.9736842105263158
f1_score,0.9487179487179489
mcc,0.8462550802321446
