metric,score
mean_absolut_error,3.5998775510204157
max_error,13.938400000000016
root_mean_squared_error,4.894518193627964
mean_squared_error,23.956308347755147
median_absolut_error,2.546600000000039
