metric,score
mean_absolut_error,3.8706310612276513
max_error,24.875411909567553
root_mean_squared_error,6.055815934324237
mean_squared_error,36.672906630415326
median_absolut_error,2.250360339412264
