metric,score
sensitivity,0.8333333333333334
specificity,0.2857142857142857
accuracy,0.6964285714285714
precision,0.7777777777777778
recall,0.8333333333333334
f1_score,0.8045977011494253
mcc,0.1297498240269205
