metric,score
mean_absolut_error,3.9083882352941157
max_error,24.477200000000053
root_mean_squared_error,6.219681986889631
mean_squared_error,38.68444401803935
median_absolut_error,1.9863999999999606
