Logistic Regression (BRCA),Random Forest (BRCA)
0.9633333333333335,0.93
0.9594771241830065,0.9297385620915033
0.9179738562091504,0.9238562091503267
0.8486111111111111,0.9055555555555556
0.8722222222222221,0.9527777777777778
