metric,score
mean_absolut_error,52.096144364755226
max_error,139.63048031738992
root_mean_squared_error,64.44120683244338
mean_squared_error,4152.669138021747
median_absolut_error,43.35073587250872
