metric,score
mean_absolut_error,2.301279999999989
max_error,6.127799999999933
root_mean_squared_error,3.0998786711740585
mean_squared_error,9.609247775999847
median_absolut_error,1.888599999999986
