metric,score
mean_absolut_error,1.5518799999999833
max_error,4.027400000000002
root_mean_squared_error,2.0772166088301836
mean_squared_error,4.314828839999968
median_absolut_error,1.126200000000022
