metric,score
mean_absolut_error,3.335824856406822
max_error,24.99113560425536
root_mean_squared_error,5.082708570862662
mean_squared_error,25.833926416320768
median_absolut_error,2.3547777714406983
