metric,score
mean_absolut_error,2.6269971911560868
max_error,6.368811858938258
root_mean_squared_error,3.4358764538028614
mean_squared_error,11.805247005796925
median_absolut_error,2.9647793450881395
