metric,score
sensitivity,0.9166666666666666
specificity,0.9
accuracy,0.9107142857142857
precision,0.9428571428571428
recall,0.9166666666666666
f1_score,0.9295774647887323
mcc,0.808290376865476
