Linear Regression (diabetes),Random Forest (diabetes)
65.75458132399035,54.84285345059724
58.47949282010027,54.601078940643674
59.46528290201138,58.464620690524974
56.971275255250404,61.2434502836506
54.67120981977398,54.62056078649954
