metric,score
mean_absolut_error,2.303703954968365
max_error,3.69630557579012
root_mean_squared_error,2.598372408547758
mean_squared_error,6.7515391735022785
median_absolut_error,2.24679315490436
