metric,score
sensitivity,0.8809523809523809
specificity,0.17647058823529413
accuracy,0.6779661016949152
precision,0.7254901960784313
recall,0.8809523809523809
f1_score,0.7956989247311828
mcc,0.07596344800675646
