metric,score
mean_absolut_error,1.4563200000000123
max_error,4.158399999999972
root_mean_squared_error,1.9915037253291745
mean_squared_error,3.9660870879999806
median_absolut_error,0.831200000000031
