metric,score
sensitivity,0.8809523809523809
specificity,0.2857142857142857
accuracy,0.7321428571428571
precision,0.7872340425531915
recall,0.8809523809523809
f1_score,0.8314606741573034
mcc,0.1965021149155211
