metric,score
mean_absolut_error,2.3124784514325887
max_error,4.81533328909072
root_mean_squared_error,2.9805903904774342
mean_squared_error,8.883919075806423
median_absolut_error,1.142526442173768
