Linear Regression (boston),Random Forest (boston)
129.95452380089324,5.877897988639157
17.24978627973903,4.95872582621128
18.468911125870562,6.128397098568811
17.778087371821094,5.6423073204570215
6.108678648320312,7.671487815882412
