Linear Regression (boston),Random Forest (boston)
129.95452380089452,5.877897988639157
17.24978627973902,4.95872582621128
18.46891112587055,6.128397098568811
18.15209047096898,5.6423073204570215
6.108678648320312,7.671487815882412
