metric,score
sensitivity,0.9705882352941176
specificity,0.9047619047619048
accuracy,0.9454545454545454
precision,0.9428571428571428
recall,0.9705882352941176
f1_score,0.9565217391304348
mcc,0.8840603062291734
