metric,score
mean_absolut_error,1.135704212924401
max_error,2.577453612034944
root_mean_squared_error,1.456807413101726
mean_squared_error,2.122287838868143
median_absolut_error,0.932286368536106
