metric,score
sensitivity,0.9705882352941176
specificity,0.6666666666666666
accuracy,0.8545454545454545
precision,0.825
recall,0.9705882352941176
f1_score,0.8918918918918919
mcc,0.6951630269130602
