metric,score
mean_absolut_error,46.29093515777298
max_error,155.2688102167956
root_mean_squared_error,56.48870835884503
mean_squared_error,3190.974172050648
median_absolut_error,37.77966224189847
