Logistic Regression (BRCA),Random Forest (BRCA)
0.8959799970144797,0.8984814897745931
0.9454142409314823,0.9300160471712194
0.936576354679803,0.9240812061501715
0.8770197044334974,0.9328575160471713
0.9175668010150769,0.9206829377519032
