metric,score
mean_absolut_error,37.726626949182986
max_error,111.39480163565275
root_mean_squared_error,49.026801340158514
mean_squared_error,2403.627249647369
median_absolut_error,27.90439848034785
