metric,score
mean_absolut_error,32.8534388672049
max_error,54.622427290945666
root_mean_squared_error,37.28005137417124
mean_squared_error,1389.8022304608469
median_absolut_error,32.937028400021276
