metric,score
mean_absolut_error,3.2612360000000025
max_error,27.39200000000006
root_mean_squared_error,5.460142667366861
mean_squared_error,29.813157948000093
median_absolut_error,2.0093999999999967
