metric,score
mean_absolut_error,1.9831975469576022
max_error,5.333769280208594
root_mean_squared_error,2.7119158281002838
mean_squared_error,7.354487458700848
median_absolut_error,1.261181734952869
