metric,score
sensitivity,0.8913043478260869
specificity,0.46153846153846156
accuracy,0.7966101694915254
precision,0.8541666666666666
recall,0.8913043478260869
f1_score,0.8723404255319149
mcc,0.37550428914529677
