metric,score
mean_absolut_error,45.37282341617458
max_error,67.590668719987
root_mean_squared_error,48.70745184228472
mean_squared_error,2372.415864968485
median_absolut_error,46.9594605717045
