metric,score
mean_absolut_error,34.617751419482204
max_error,128.87548961057516
root_mean_squared_error,46.40055812977014
mean_squared_error,2153.011794754178
median_absolut_error,24.879567671989946
