metric,score
mean_absolut_error,3.542401803230677
max_error,8.306317967388821
root_mean_squared_error,4.640991457398077
mean_squared_error,21.53880170764193
median_absolut_error,2.661089808982247
