metric,score
sensitivity,0.9302325581395349
specificity,0.13333333333333333
accuracy,0.7241379310344828
precision,0.7547169811320755
recall,0.9302325581395349
f1_score,0.8333333333333334
mcc,0.09917017107805809
