metric,score
mean_absolut_error,2.7053999999999947
max_error,4.431599999999996
root_mean_squared_error,3.057059856790506
mean_squared_error,9.345614967999987
median_absolut_error,2.828200000000013
