Linear Regression (diabetes),Random Forest (diabetes)
65.85254598404747,64.27567903540846
56.38886724790281,58.37954066458709
55.54934469301255,57.2588057688508
58.152661075933565,62.90324683432143
56.68398468213045,57.40892048358095
