metric,score
mean_absolut_error,3.2707591836734795
max_error,16.90480000000005
root_mean_squared_error,4.364235063722931
mean_squared_error,19.046547691428692
median_absolut_error,2.4207999999999643
