metric,score
sensitivity,0.9090909090909091
specificity,0.92
accuracy,0.9137931034482759
precision,0.9375
recall,0.9090909090909091
f1_score,0.923076923076923
mcc,0.8255957797908076
