metric,score
mean_absolut_error,2.354508426836723
max_error,4.2291171055227785
root_mean_squared_error,2.8204550222696367
mean_squared_error,7.954966532646017
median_absolut_error,1.7433782206347352
