metric,score
mean_absolut_error,3.868490196078443
max_error,27.531199999999995
root_mean_squared_error,6.072056763084296
mean_squared_error,36.869873334117734
median_absolut_error,2.4160000000000714
