metric,score
mean_absolut_error,31.72222013089267
max_error,57.29751806395893
root_mean_squared_error,37.327531100704576
mean_squared_error,1393.3445780740676
median_absolut_error,29.31479745708546
