metric,score
mean_absolut_error,3.211624716049656
max_error,14.6101059750931
root_mean_squared_error,4.351086699257251
mean_squared_error,18.931955464453356
median_absolut_error,2.7895636039248597
