metric,score
sensitivity,0.8837209302325582
specificity,0.13333333333333333
accuracy,0.6896551724137931
precision,0.7450980392156863
recall,0.8837209302325582
f1_score,0.8085106382978724
mcc,0.022923383485725462
