metric,score
sensitivity,0.9722222222222222
specificity,0.9583333333333334
accuracy,0.9666666666666667
precision,0.9722222222222222
recall,0.9722222222222222
f1_score,0.9722222222222222
mcc,0.9305555555555556
