metric,score
mean_absolut_error,3.2694501889870047
max_error,15.671778597402465
root_mean_squared_error,4.449685187703609
mean_squared_error,19.799698269668898
median_absolut_error,2.7356467750236995
