metric,score
mean_absolut_error,2.756879999999994
max_error,4.484199999999966
root_mean_squared_error,3.1447519864052857
mean_squared_error,9.889465055999992
median_absolut_error,2.9945999999999913
