metric,score
sensitivity,0.9534883720930233
specificity,0.17647058823529413
accuracy,0.7333333333333333
precision,0.7454545454545455
recall,0.9534883720930233
f1_score,0.8367346938775511
mcc,0.21188419848578655
