metric,score
mean_absolut_error,3.5017710117141325
max_error,13.288522804274429
root_mean_squared_error,4.5368456645907544
mean_squared_error,20.582968584315925
median_absolut_error,3.5090885246857937
